scope,n,b,c,chi2,p_value,test
overall,4546,931,128,607.3692162417375,0.0,chi2_continuity_corrected
deepset,546,44,13,15.789473684210526,7.079528641296129e-05,chi2_continuity_corrected
neuralchemy,2000,423,22,359.55056179775283,0.0,chi2_continuity_corrected
spml,2000,464,93,245.78096947935367,0.0,chi2_continuity_corrected
